Nombre,Precio Tarjeta,Precio Internet,Precio Normal,Tienda
Apple iPhone 15 Pro 128Gb,1.149.990,1.199.990,1.229.990,Falabella
Apple iPhone 15 128Gb,869.990,899.990,979.990,Falabella
Apple iPhone 15 Pro 256Gb,No disponible,1.249.990,1.349.990,Falabella
Apple iPhone 15 Pro Max 256Gb,No disponible,1.379.990,1.469.990,Falabella
Usb-C To Lightning Cable (1M) Apple,No disponible,21.990,No disponible,Falabella
Adaptador Cargador iPhone USB-C 20W Apple,No disponible,22.990,No disponible,Falabella
Carcasa iPhone 15 Pro Max Negra Apple,No disponible,59.990,No disponible,Falabella
Cargador Apple Magsafe,No disponible,49.990,No disponible,Falabella
Carcasa iPhone 15 Pro Max con MagSafe Apple,No disponible,59.990,No disponible,Falabella
Carcasa Para iPad Pro 11 2018/2020/2021/2022 Transparente Antigolpe,No disponible,No disponible,16.990,Falabella
Funda Con Teclado Ingles Pro Keys Para iPad Pro 11 Zagg,No disponible,109.990,No disponible,Falabella
Apple iPad Pro 11 2022 5G 128GB 8GB - Gris Espacial,No disponible,No disponible,1.399.990,Falabella
Carcasa iPad Pro 11 4ta Generación,No disponible,10.990,No disponible,Falabella
Funda Con Teclado Ingles Pro Keys Para iPad Pro 11 Zagg,No disponible,109.990,No disponible,Falabella
Hub Power Expand+ 5 Puertos en 1 USB-C Anker,No disponible,49.990,54.990,Falabella
Funda Suave Universal Para iPad Air O Pro-1011,No disponible,12.990,No disponible,Falabella
Cargador Apple 20w Carga Rápida + Cable Usb-C A Lightning 1 MT,No disponible,No disponible,29.985,Falabella
Cargador Apple 20w Carga Rápida + Cable Usb-C A Lightning 1 MT,No disponible,No disponible,34.990,Falabella
Samsung Galaxy Watch 6 (Bluetooth) (40mm) SM-R930 - Grafito,No disponible,No disponible,395.990,Falabella
Smartwatch Reloj Inteligente Galaxy Watch5 Pro 45mm BT Samsung,389.990,399.990,479.990,Falabella
Samsung Galaxy Watch 6 (Bluetooth) (44mm) SM-R940 - Grafito,No disponible,No disponible,416.990,Falabella
Samsung Galaxy Watch 6 (Bluetooth) (40mm) SM-R930 - Beige,No disponible,No disponible,395.990,Falabella
Samsung Galaxy Watch Active2 40mm BT Dorado Reacondicionado(NO NUEVO),No disponible,No disponible,107.988,Falabella
Samsung Galaxy Watch 46mm BT Plata Reacondicionado(NO NUEVO),No disponible,No disponible,106.788,Falabella
Samsung Galaxy Watch 4 44mm BT Plata Reacondicionado(NO NUEVO),No disponible,No disponible,170.388,Falabella
Cargador Para Galaxy Watch 5 y 6 USB Tipo-C Carga Rápida,No disponible,No disponible,23.990,Falabella
Cargador Inalámbrico 3 En 1 para Samsung / Galaxy Watch / Galaxy Buds,No disponible,31.990,No disponible,Falabella
Audífonos inalámbricos con Noise Cancelling WH-1000XM5 Sony,329.990,399.990,No disponible,Falabella
Audífonos True Wireless Noise Cancelling WF-1000XM5 Sony,229.990,279.990,No disponible,Falabella
Sony WH-1000XM5 Auriculares Inalámbricos con Noise Cancelling,No disponible,No disponible,935.960,Falabella
Audífonos Sony WH-1000XM5 Inalámbricos Noise Cancelling Negro,No disponible,No disponible,499.990,Falabella
Audífonos True Wireless Noise Cancelling WF-1000XM5,No disponible,No disponible,279.990,Falabella
Sony WH-1000XM5 Auriculares Inalámbricos con Noise Cancelling,No disponible,No disponible,499.990,Falabella
Sony WH-1000X M5 Wireless NC Auriculares - Negro,No disponible,No disponible,485.990,Falabella
Audífonos True Wireless Noise Cancelling WF-1000XM5 Plata,No disponible,No disponible,615.304,Falabella
Sony WF-1000X M5 Auriculares Inalámbricos NC - Negro,No disponible,No disponible,367.990,Falabella
APPLE IPHONE 13 128GB AZUL MEDIANOCHE,$619.990,$649.990,$889.990,Ripley
APPLE IPHONE 15 PRO MAX 256GB TITANIO AZUL,$1.299.990,$1.349.990,$1.469.990,Ripley
APPLE IPHONE 13 128GB PINK                        ,$619.990,$649.990,$889.990,Ripley
APPLE IPHONE 15 PRO MAX 256GB TITANIO NATURAL,$1.299.990,$1.349.990,$1.469.990,Ripley
"IPHONE 15 APPLE 128GB 6.1""",$869.990,$899.990,$979.990,Ripley
APPLE IPHONE 14 128GB MORADO,$729.990,$749.990,$999.990,Ripley
"IPHONE 15 APPLE 128GB 6.1""",$869.990,$899.990,$979.990,Ripley
"IPHONE 15 APPLE 128GB 6.1""",$869.990,$899.990,$979.990,Ripley
APPLE IPHONE 15 PRO 128GB TITANIO AZUL,$1.099.990,$1.149.990,$1.229.990,Ripley
APPLE IPHONE 14 128GB MEDIANOCHE,$729.990,$749.990,$999.990,Ripley
"APPLE IPAD PRO 11"" (M4, WI-FI, 256GB, VIDRIO ESTÁNDAR) - NEGRO ESPACIAL",No disponible,$1.399.990,No disponible,Ripley
CARCASA DE SILICONA PARA IPAD PRO 11,No disponible,$14.990,No disponible,Ripley
LÁMINA DE VIDRIO IPAD PRO 11 2020,No disponible,$6.990,$9.087,Ripley
FUNDA CARCASA CON TECLADO TNALAMBRICO IPAD PRO 11',No disponible,$24.990,$59.990,Ripley
CARCASA FUNDA INTELIGENTE CARCASA ROSA PARA IPAD PRO 11,No disponible,$11.994,$19.990,Ripley
CARCASA REFORZADA CON SOPORTE PARA IPAD PRO 11 2018,No disponible,$9.990,No disponible,Ripley
CARCASA FUNDA INTELIGENTE / AZUL PARA IPAD PRO 11,No disponible,$11.994,$19.990,Ripley
CARCASA ANTIGOLPES + ESPACIO LÁPIZ PARA IPAD PRO 11,No disponible,$25.000,$39.000,Ripley
CARCASA REFORZADA ANTIGOLPES + LÁMINA PARA IPAD PRO 11,No disponible,$25.000,$45.500,Ripley
CARCASA DE SILICONA PARA IPAD PRO 11 TRANSPARENTE,No disponible,$14.990,No disponible,Ripley
SAMSUNG GALAXY WATCH 6 BLUETOOTH 40MM R930,No disponible,$209.990,$314.990,Ripley
SAMSUNG GALAXY WATCH 6 BLUETOOTH 40MM R930,No disponible,$219.990,$314.990,Ripley
SAMSUNG GALAXY WATCH 6 BLUETOOTH CLASSIC 47MM R960,No disponible,$299.990,$454.990,Ripley
SAMSUNG GALAXY WATCH 6 BLUETOOTH 44MM R940,No disponible,$229.990,$354.990,Ripley
SAMSUNG GALAXY WATCH 6 BLUETOOTH 44MM R940,No disponible,$229.990,$354.990,Ripley
SAMSUNG GALAXY WATCH 6 BLUETOOTH 44MM R940,No disponible,$249.990,$354.990,Ripley
SAMSUNG GALAXY WATCH 6 BLUETOOTH 44MM R940,No disponible,$249.990,$354.990,Ripley
SAMSUNG GALAXY WATCH4 40 MM PINK,No disponible,$169.990,$249.990,Ripley
LDFAS COMPATIBLE CON SAMSUNG GALAXY WATCH 4 CLASSIC DE 1.811IN Y 1.654IN CORREA DE RELOJ DE METAL,No disponible,$82.990,$103.738,Ripley
SAMSUNG GALAXY WATCH6 BT 44MM GRAPHITE,$259.990,$279.990,$319.990,Ripley
AUDÍFONOS SONY WH-1000XM4 BLUETOOTH,$169.990,$199.990,$299.990,Ripley
AUDÍFONOS SONY WH 1000XM5 BLUETOOTH,$279.990,$299.990,$399.990,Ripley
SONY AUDIFONOS INALAMBRICOS CON CANCELACIÓN DE RUIDO WF-1000XM5,No disponible,$229.990,$249.990,Ripley
AUDÍFONOS SONY WH-1000XM4 BLUETOOTH,$169.990,$199.990,$299.990,Ripley
AUDÍFONOS BLUETOOTH SONY CON NOISE CANCELLING WH-1000XM4,No disponible,$199.990,$299.990,Ripley
AUDÍFONOS BLUETOOTH SONY CON NOISE CANCELLING WH-1000XM4,No disponible,$199.990,$299.990,Ripley
AUDÍFONOS INALÁMBRICOS CON NOISE CANCELLING WH-1000XM5 | NEGRO,No disponible,$329.990,$399.990,Ripley
AUDÍFONOS INALÁMBRICOS CON NOISE CANCELLING WH-1000XM5 | SILVER,No disponible,$329.990,$399.990,Ripley
AUDÍFONOS INALÁMBRICOS CON NOISE CANCELLING WH-1000XM5 | AZUL,No disponible,$329.990,$399.990,Ripley
